name,area,initial_url,last_url,round1_attempts,round2_attempts,status,reason
北京市政务数据资源网,北京市,http://data.beijing.gov.cn/,https://data.beijing.gov.cn:443/,3,3,本轮未接入,ConnectError
天津市信息资源统一开放,天津市,https://data.tj.gov.cn/,https://data.tj.gov.cn/xwfb/xyyw/202608/t20260826_7358636.html,1,1,本轮未接入,公开页面没有可继续的目录或应用脚本线索
承德市政府数据开放平台,河北省承德市,http://www.chengde.gov.cn/shuju/web/index,https://www.chengde.gov.cn/shuju/web/index,2,3,本轮未接入,HTTP错误，未取得业务数据
石家庄市人民政府-数据发,河北省石家庄市,http://www.sjz.gov.cn/col/1596004085768/index.html,https://www.sjz.gov.cn/attachments/1/202605/26/%E9%99%84%E4%BB%B6%20%E6%95%B0%E6%8D%AE%E5%BC%80%E6%94%BE%E5%85%B1%E4%BA%AB%E5%85%B8%E5%9E%8B%E6%A1%88%E4%BE%8B%E7%94%B3%E6%8A%A5%E4%B9%A62026052614345463720260526151739136.doc?sid=fcec7f0f-6403-4720-afda-597d5871b3c4,1,3,本轮未接入,公开页面没有可继续的目录或应用脚本线索
衡水市人民政府-数据开放,河北省衡水市,http://www.hengshui.gov.cn/col/col51/index.html,http://www.hengshui.gov.cn/col/col51/index.html,1,3,本轮未接入,公开页面没有可继续的目录或应用脚本线索
山西省人民政府-政府数据,山西省,https://data.shanxi.gov.cn/,https://data.shanxi.gov.cn/,3,3,本轮未接入,ConnectError
大同市人民政府-数据开放,山西省大同市,http://www.dt.gov.cn/dtzww/sjdt1/shujudatong.shtml,https://www.dt.gov.cn/,1,1,本轮未接入,公开页面没有可继续的目录或应用脚本线索
阳泉市人民政府-数据阳泉,山西省阳泉市,http://www.yq.gov.cn/ggsj_12505/,https://tjj.yq.gov.cn/tjxx/,2,3,本轮未接入,公开页面没有可继续的目录或应用脚本线索
晋城市人民政府-政府数据,山西省晋城市,http://www.jcgov.gov.cn/zfsj/,https://www.jcgov.gov.cn/zfsj/,2,1,本轮未接入,公开页面没有可继续的目录或应用脚本线索
忻州市人民政府-公共数据,山西省忻州市,https://www.sxxz.gov.cn/ggsj/,https://www.sxxz.gov.cn/ggsj/pcsj/202608/t20260804_4198727.shtml,1,2,本轮未接入,公开页面没有可继续的目录或应用脚本线索
内蒙古自治区人民政府,-政内蒙古自治区,http://www.nmg.gov.cn/col/col1586/,https://www.nmg.gov.cn/404/40x.html,2,1,本轮未接入,公开页面没有可继续的目录或应用脚本线索
呼和浩特市人民政府,-政府内蒙古自治区呼和,http://www.huhhot.gov.cn/zfsj/,https://www.huhhot.gov.cn/,1,3,本轮未接入,ConnectError
乌海市人民政府,-数据公开内蒙古自治区乌海,http://www.wuhai.gov.cn/wuhai/zwgk/sjkf/index.html,https://www.wuhai.gov.cn/,1,3,本轮未接入,ConnectError
赤峰市人民政府,-数据内蒙古自治区赤峰,http://www.chifeng.gov.cn/channels/125.html,https://www.chifeng.gov.cn/channels/125.html,2,3,本轮未接入,HTTP错误，未取得业务数据
呼伦贝尔市人民政府,-数据内蒙古自治区呼伦,http://www.hlbe.gov.cn/DataRelease/,https://www.hlbe.gov.cn/dist/js/Columns_index.js,2,3,本轮未接入,公开页面没有可继续的目录或应用脚本线索
阿拉善盟人民政府,-数据开内蒙古自治区阿拉,http://www.als.gov.cn/col/col130/index.html,https://www.als.gov.cn/,1,3,本轮未接入,ConnectError
辽宁省人民政府,-数据发布辽宁省,http://www.ln.gov.cn/zfsj/sjfb/,https://www.ln.gov.cn/zfsj/sjfb/,2,1,本轮未接入,公开页面没有可继续的目录或应用脚本线索
大连市人民政府,-数据开放辽宁省大连市,https://www.dl.gov.cn/col/col139/index.html,https://www.dl.gov.cn/col/col139/index.html,1,3,本轮未接入,HTTP错误，未取得业务数据
营口市人民政府,-数据发布辽宁省营口市,http://www.yingkou.gov.cn/006/datapub.html,https://www.yingkou.gov.cn/006/datapub.html,2,1,本轮未接入,公开页面没有可继续的目录或应用脚本线索
盘锦市人民政府,-数据发布辽宁省盘锦市,http://www.panjin.gov.cn/html/1752/,https://www.panjin.gov.cn/,1,1,本轮未接入,公开页面没有可继续的目录或应用脚本线索
吉林省人民政府,-数据吉林省,http://www.jl.gov.cn/sj/,https://www.jl.gov.cn/,1,1,本轮未接入,公开页面没有可继续的目录或应用脚本线索
数据-吉林市人民政府,吉林省吉林市,http://www.jlcity.gov.cn/sj/,https://www.jlcity.gov.cn/sj/jdsj/,2,2,本轮未接入,公开页面没有可继续的目录或应用脚本线索
数据开放-辽源市人民政府,吉林省辽源市,http://www.liaoyuan.gov.cn/xxgk/sjkf/,https://www.liaoyuan.gov.cn/,1,1,本轮未接入,公开页面没有可继续的目录或应用脚本线索
政府数据-白山市人民政府,吉林省白山市,http://www.cbs.gov.cn,https://www.cbs.gov.cn/,2,1,本轮未接入,公开页面没有可继续的目录或应用脚本线索
数据松原,-松原市人民政府吉林省松原市,http://www.jlsy.gov.cn/zwgk/sjsy/,https://www.jlsy.gov.cn/,1,1,本轮未接入,公开页面没有可继续的目录或应用脚本线索
数据-延边州人民政府,吉林省延边州,http://www.yanbian.gov.cn/sj/,https://www.yanbian.gov.cn/,1,3,本轮未接入,ConnectError
哈尔滨市政府数据开放平,哈尔滨市,http://data.harbin.gov.cn,https://data.harbin.gov.cn/,3,3,本轮未接入,ConnectError
大庆公共数据开放平台,黑龙江省大庆市,http://dataopen.daqing.gov.cn/index.html,https://dataopen.daqing.gov.cn/,3,3,本轮未接入,ConnectError
佳木斯市政府数据开放平,黑龙江省佳木斯市,http://data.jms.gov.cn,https://data.jms.gov.cn/,3,3,本轮未接入,ConnectError
数据-鸡西市人民政府,黑龙江省鸡西市,http://www.jixi.gov.cn/shujv/tjxx/,https://www.jixi.gov.cn/jixi/xhtml/jixi2025/static/js/index.js,1,2,本轮未接入,公开页面没有可继续的目录或应用脚本线索
数据-伊春市政府开放数据,黑龙江省伊春市,http://www.yc.gov.cn/sj/,https://www.yc.gov.cn/sj/,2,3,本轮未接入,HTTP错误，未取得业务数据
数据信息-黑河市人民政府,黑龙江省黑河市,http://www.heihe.gov.cn/zwfb/sjxx.htm,https://www.heihe.gov.cn/zwfb/sjxx.htm,2,3,本轮未接入,HTTP错误，未取得业务数据
上海市公共数据开放平台,上海市,https://data.sh.gov.cn/,https://data.sh.gov.cn/,1,0,保留既有实现，能力限制见地区目录,不以本轮入口检查代替业务采集验收
无锡市公共数据开放平台,江苏省无锡市,http://data.wuxi.gov.cn/data/,https://data.wuxi.gov.cn/data/,3,3,本轮未接入,ConnectError
数据开放-常州市人民政府,江苏省常州市,http://opendata.changzhou.gov.cn,https://www.changzhou.gov.cn/opendata/index.php?m=open&c=index&a=nocattree&cfid=1&isapi=0&time=0.40073300 1788968721,2,2,本轮未接入,公开页面没有可继续的目录或应用脚本线索
苏州市政务数据开放平台,江苏省苏州市,http://www.suzhou.gov.cn/OpenResourceWeb/home,https://data.suzhou.gov.cn/assets/js/index.87b2156a.js,2,2,本轮未接入,公开页面没有可继续的目录或应用脚本线索
南通市公共数据开放网站,江苏省南通市,http://data.nantong.gov.cn/home/index.html#/home,https://data.nantong.gov.cn/home/index.html,3,3,本轮未接入,ReadTimeout
连云港市公共数据开放网,江苏省连云港市,http://www.lyg.gov.cn/data/showindex/index.do,https://www.lyg.gov.cn/,1,3,本轮未接入,HTTP错误，未取得业务数据
开放扬州（扬州数据开放）,江苏省扬州市,http://data.yangzhou.gov.cn,https://data.yangzhou.gov.cn/,1,1,本轮未接入,公开页面没有可继续的目录或应用脚本线索
泰州市政务数据开放平台,江苏省泰州市,http://www.taizhou.gov.cn/opendata/,https://www.taizhou.gov.cn/,1,1,本轮未接入,公开页面没有可继续的目录或应用脚本线索
数据开放-江苏省人民政府,江苏省,http://www.jiangsu.gov.cn/col/col33688/index.html,https://www.jiangsu.gov.cn/,1,3,本轮未接入,HTTP错误，未取得业务数据
数据发布-南京市人民政府,江苏省南京市,http://tjj.nanjing.gov.cn/bmfw/njsj/,https://tjj.nanjing.gov.cn/,1,3,本轮未接入,HTTP错误，未取得业务数据
徐州市公共数据开放,江苏省徐州市,http://www.xz.gov.cn/zgxz/sjkf/,http://data.gxj.xz.gov.cn/dexchange/openportal/static/js/app.8058be70.js,1,3,本轮未接入,公开页面没有可继续的目录或应用脚本线索
数据盐城,-盐城市人民政府江苏省盐城市,http://www.yancheng.gov.cn/col/col8/index.html,https://www.yancheng.gov.cn/,1,3,本轮未接入,HTTP错误，未取得业务数据
数据开放-宿迁市人民政府,江苏省宿迁市,http://www.suqian.gov.cn/cnsq/sjkf/sjkf.shtml,http://www.suqian.gov.cn/cnsq/sjdt/202608/620041526b3e4ee59ec4c2185e4d7c3d.shtml,2,2,新增统计文章采集,suqian/search:商务统计；正式采集器已取得实际统计正文
数据开放-浙江省人民政府,浙江省,http://data.zjzwfw.gov.cn/jdop_front/index.do,https://data.zjzwfw.gov.cn/dopServer/static/js/vendors~app.37f0c82a.js,2,2,本轮未接入,公开页面没有可继续的目录或应用脚本线索
杭州市数据开放平台,浙江省,https://data.hz.zjzwfw.gov.cn,https://data.hz.zjzwfw.gov.cn,3,3,本轮未接入,ConnectError
宁波市数据开放平台,浙江省宁波市,http://data.nb.zjzwfw.gov.cn/nbdata/fore/index.html,https://data.nb.zjzwfw.gov.cn/,3,3,本轮未接入,ConnectError
温州市公共数据开放平台,浙江省温州市,http://data.wz.zjzwfw.gov.cn/jdop_front/index.do,https://data.wz.zjzwfw.gov.cn/,3,3,本轮未接入,ConnectError
湖州市数据开放平台,浙江省湖州市,http://data.huz.zjzwfw.gov.cn/home,https://data.huz.zjzwfw.gov.cn/,3,3,本轮未接入,ConnectError
绍兴市公共数据开放平台,浙江省绍兴市,https://data.sx.zjzwfw.gov.cn/kf/home,https://data.sx.zjzwfw.gov.cn/kf/home,3,3,本轮未接入,ConnectError
金华市数据开放平台,浙江省金华市,http://data.jh.zjzwfw.gov.cn/jdop_front/index.do,https://data.jh.zjzwfw.gov.cn/,3,3,本轮未接入,ConnectError
衢州市数据开放平台,浙江省衢州市,http://data.qz.zjzwfw.gov.cn/jdop_front/index.do,https://data.qz.zjzwfw.gov.cn/,3,3,本轮未接入,ConnectError
舟山·数据开放,浙江省舟山市,http://data.zs.zjzwfw.gov.cn/#/IndexPage,https://data.zs.zjzwfw.gov.cn/,3,3,本轮未接入,ConnectError
台州市数据开放平台,浙江省台州市,http://data.taz.zjzwfw.gov.cn/tz/home,https://data.taz.zjzwfw.gov.cn/,3,3,本轮未接入,ConnectError
丽水市数据开放平台,浙江省丽水市,http://data.ls.zjzwfw.gov.cn/jdop_front/index.do,https://data.ls.zjzwfw.gov.cn/,3,3,本轮未接入,ConnectError
芜湖市政务数据开放服务,安徽省芜湖市,https://data.wuhu.cn/,https://data.wuhu.cn/datagov-ops/static/js/home.js,1,2,本轮未接入,公开页面没有可继续的目录或应用脚本线索
蚌埠市信息资源开放平台,安徽省蚌埠市,http://www.bengbu.gov.cn/sjkf/index.html,https://www.bengbu.gov.cn/sjkf/index.html,2,1,本轮未接入,公开页面没有可继续的目录或应用脚本线索
马鞍山市人民政府数据开,安徽省马鞍山市,http://www.mas.gov.cn/site/tpl/72,https://www.mas.gov.cn/site/tpl/72,2,1,本轮未接入,公开页面没有可继续的目录或应用脚本线索
黄山市人民政府数据开放,安徽省黄山市,http://www.huangshan.gov.cn/DataDevelopment/,https://www.huangshan.gov.cn/,1,3,本轮未接入,HTTP错误，未取得业务数据
阜阳市人民政府数据开放,安徽省阜阳市,http://www.fy.gov.cn/openData/,https://www.fy.gov.cn/openData/,2,3,本轮未接入,HTTP错误，未取得业务数据
六安市信息资源开放平台,安徽省六安市,http://data.luan.gov.cn:8081/dop/,https://data.luan.gov.cn:8081/,3,3,本轮未接入,RemoteProtocolError
滁州市人民政府数据发布,安徽省滁州市,http://www.chuzhou.gov.cn/xxgk/sjfb/index.html,https://www.chuzhou.gov.cn/xxgk/sjfb/index.html,2,1,本轮未接入,公开页面没有可继续的目录或应用脚本线索
开放福建,福建省,https://data.fujian.gov.cn/,https://data.fujian.gov.cn/,1,0,保留既有实现，能力限制见地区目录,不以本轮入口检查代替业务采集验收
福州市政务数据开放平台,福建省福州市,http://data.fuzhou.gov.cn/#/home,https://data.fuzhou.gov.cn/,3,3,本轮未接入,ConnectError
厦门市大数据开放平台,福建省厦门市,http://data.xm.gov.cn/,https://data.xm.gov.cn/,3,3,本轮未接入,ConnectError
赣州市人民政府数据栏,江西省赣州市,https://www.ganzhou.gov.cn/c100206/shuju3.shtml,https://www.ganzhou.gov.cn/zfxxgk/index.shtml?code=c100093n1&temp=xxgk_list,2,3,本轮未接入,公开页面没有可继续的目录或应用脚本线索
江西省政府数据开放网站,江西省,https://kfpt.jiangxi.cn/,https://kfpt.jiangxi.cn/static/js/app.66fcd408.js,1,2,本轮未接入,公开页面没有可继续的目录或应用脚本线索
萍乡市数据开放平台网络,江西省萍乡市,http://data.pingxiang.gov.cn/,https://data.pingxiang.gov.cn/,3,3,本轮未接入,ConnectError
新余市数据开放平台网站,江西省新余市,http://data.xinyu.gov.cn:81,https://data.xinyu.gov.cn:81/,1,3,本轮未接入,ConnectError
开放抚州门户,江西省抚州市,http://data.jxfz.gov.cn/,https://data.jxfz.gov.cn/,2,1,本轮未接入,公开页面没有可继续的目录或应用脚本线索
南昌市人民政府数据开放,江西省南昌市,http://www.nc.gov.cn/ncszf/sjkfn/2020_sjkf.shtml,https://www.nc.gov.cn/ncszf/sjkfn/2021_sjkf.shtml,2,2,本轮未接入,公开页面没有可继续的目录或应用脚本线索
九江市人民政府数据开放,江西省九江市,https://www.jiujiang.gov.cn/sjkf/,https://www.jiujiang.gov.cn/sjkf/,1,1,本轮未接入,公开页面没有可继续的目录或应用脚本线索
吉安市人民政府数据开放,江西省吉安市,http://www.jian.gov.cn/news-list-spjsgckv.html,https://www.jian.gov.cn/xxgk-list-tpjjsajz.html,1,3,本轮未接入,公开页面没有可继续的目录或应用脚本线索
宜春市人民政府,江西省宜春市,http://www.yichun.gov.cn/news-list-shuju.html,https://www.yichun.gov.cn/ycsrmzf/sjkf/pc/list.html,2,2,本轮未接入,公开页面没有可继续的目录或应用脚本线索
山东公共数据开放网,山东省,https://data.sd.gov.cn/portal/index,https://data.sd.gov.cn/portal/catalog/index?filterParam=org_code&filterParamCode=szbm&page=1,2,0,保留既有实现，能力限制见地区目录,不以本轮入口检查代替业务采集验收
济南市公共数据开放网,山东省济南市,http://data.jinan.gov.cn/,https://data.jinan.gov.cn/,2,3,本轮未接入,ConnectError
青岛市公共数据开放网,山东省青岛市,http://data.qingdao.gov.cn/,https://data.qingdao.gov.cn/,2,3,本轮未接入,ConnectError
淄博公共数据开放网,山东省淄博市,http://zbdata.sd.gov.cn/,http://zbdata.sd.gov.cn/zibo/,2,0,保留既有实现，能力限制见地区目录,不以本轮入口检查代替业务采集验收
枣庄市公共数据开放网,山东省枣庄市,http://zzdata.sd.gov.cn/,http://zzdata.sd.gov.cn/zaozhuang/,2,0,保留既有实现，能力限制见地区目录,不以本轮入口检查代替业务采集验收
东营市公共数据开放网,山东省东营市,http://dydata.sd.gov.cn/,http://dydata.sd.gov.cn/dongying/,2,0,保留既有实现，能力限制见地区目录,不以本轮入口检查代替业务采集验收
烟台公共数据开放网,山东省烟台市,http://ytdata.sd.gov.cn/,http://ytdata.sd.gov.cn/yantai/,2,0,保留既有实现，能力限制见地区目录,不以本轮入口检查代替业务采集验收
潍坊公共数据开放网,山东省潍坊市,http://wfdata.sd.gov.cn/,http://wfdata.sd.gov.cn/weifang/,2,0,保留既有实现，能力限制见地区目录,不以本轮入口检查代替业务采集验收
济宁公共数据开放网,山东省济宁市,http://jindata.sd.gov.cn/odweb/index.htm,https://jindata.sd.gov.cn/,1,3,本轮未接入,ConnectError
泰安市公共数据开放网,山东省泰安市,http://tadata.sd.gov.cn/,http://tadata.sd.gov.cn/taian/,2,0,保留既有实现，能力限制见地区目录,不以本轮入口检查代替业务采集验收
威海市公共数据开放网,山东省威海市,http://data.weihai.cn/,https://data.weihai.cn/,3,3,本轮未接入,ConnectError
日照市公共数据开放网,山东省日照市,http://rzdata.sd.gov.cn/,http://rzdata.sd.gov.cn/rizhao/,2,0,保留既有实现，能力限制见地区目录,不以本轮入口检查代替业务采集验收
临沂市公共数据开放网,山东省临沂市,http://lydata.sd.gov.cn/,http://lydata.sd.gov.cn/linyi/,2,0,保留既有实现，能力限制见地区目录,不以本轮入口检查代替业务采集验收
德州市公共数据开放网,山东省德州市,http://dzdata.sd.gov.cn/,http://dzdata.sd.gov.cn/dezhou/,2,0,保留既有实现，能力限制见地区目录,不以本轮入口检查代替业务采集验收
聊城公共数据开放网,山东省聊城市,http://lcdata.sd.gov.cn/,http://lcdata.sd.gov.cn/liaocheng/,2,0,保留既有实现，能力限制见地区目录,不以本轮入口检查代替业务采集验收
滨州公共数据开放网,山东省滨州市,http://bzdata.sd.gov.cn/,http://bzdata.sd.gov.cn/binzhou/,2,0,保留既有实现，能力限制见地区目录,不以本轮入口检查代替业务采集验收
菏泽公共数据开放网,山东省菏泽市,http://hzdata.sd.gov.cn/,http://hzdata.sd.gov.cn/heze/,2,0,保留既有实现，能力限制见地区目录,不以本轮入口检查代替业务采集验收
河南省公共数据开放平台,河南省,http://data.hnzwfw.gov.cn/odweb/,https://www.hnzwfw.gov.cn,2,1,本轮未接入,公开页面没有可继续的目录或应用脚本线索
开封市政务数据开放平台,河南省开封市,http://data.kaifeng.gov.cn/index/index.html,https://data.kaifeng.gov.cn/,3,3,本轮未接入,ConnectError
洛阳市人民政府官网,-数据河南省洛阳市,http://www.ly.gov.cn/html/1//2/64/index.html,https://www.ly.gov.cn:443/html/1//2/64/index.html,2,3,本轮未接入,HTTP错误，未取得业务数据
湖北省公共数据开放平台,湖北省,https://www.hubei.gov.cn/data/,https://www.hubei.gov.cn/data/,1,3,本轮未接入,HTTP错误，未取得业务数据
武汉市公共数据开放平台,湖北省武汉市,http://www.wuhandata.gov.cn/whData/index.html,https://www.wuhandata.gov.cn/,3,3,本轮未接入,ConnectError
中国襄阳政府数据开放平,湖北省襄阳市,http://111.177.117.24:8083/opendata/portal/index,https://111.177.117.24:8083/,3,3,本轮未接入,ConnectError
孝感市门户网站,-数据开放湖北省孝感市,http://www.xiaogan.gov.cn/themeList.jspx,https://www.xiaogan.gov.cn/themeList.jspx,2,3,本轮未接入,HTTP错误，未取得业务数据
随州市公共数据开放平台,湖北省随州市,http://www.suizhou.gov.cn/data/,https://www.suizhou.gov.cn/,3,3,本轮未接入,ConnectError
恩施州公共数据开放平台,湖北省恩施州,http://www.enshi.gov.cn/data/,https://www.enshi.gov.cn/,1,3,本轮未接入,ConnectError
宜昌市人民政府,-市情-数湖北省宜昌市,http://www.yichang.gov.cn/list-56264-1.html,https://data.yichang.gov.cn/kf/static/js/app.7ae3ed47.js,2,2,本轮未接入,公开页面没有可继续的目录或应用脚本线索
荆门市数据公开,湖北省荆门市,http://data.jingmen.gov.cn,https://data.jingmen.gov.cn/static/js/main.495c0a64.js,1,2,本轮未接入,公开页面没有可继续的目录或应用脚本线索
鄂州市人民政府,-政务信息湖北省鄂州市,http://www.ezhou.gov.cn/gk/zdlyxxgk/sjfb/,https://www.ezhou.gov.cn/gk/zdlyxxgk/sjfb/,2,3,本轮未接入,HTTP错误，未取得业务数据
荆州市人民政府,-数据栏目湖北省荆州市,http://www.jingzhou.gov.cn/zfwsj/sjjz/jy/,https://www.jingzhou.gov.cn/material/js/2024_hd_index.js,1,2,本轮未接入,公开页面没有可继续的目录或应用脚本线索
黄冈市人民政府,-数据开放湖北省黄冈市,http://www.hg.gov.cn/col/col7161/index.html,https://www.hg.gov.cn/col/col7161/index.html,2,3,本轮未接入,HTTP错误，未取得业务数据
湖南政府大数据公众门户,湖南省,https://data.hunan.gov.cn/etongframework-web/main.do,https://data.hunan.gov.cn/etongframework-web/js/index.js?v=7,1,2,本轮未接入,公开页面没有可继续的目录或应用脚本线索
长沙市政府门户网站数据,湖南省长沙市,http://www.changsha.gov.cn/data/,https://data.changsha.gov.cn/portal/index.2c7b411.js,1,3,本轮未接入,公开页面没有可继续的目录或应用脚本线索
常德市人民政府政务数据,湖南省常德市,http://dataopen.changde.gov.cn/,https://dataopen.changde.gov.cn/,3,3,本轮未接入,ConnectError
永州市数据开,放平台湖南省永州市,http://www.yzcity.gov.cn/u/sjfb/cnyz/index,https://www.yzcity.gov.cn/,2,1,本轮未接入,公开页面没有可继续的目录或应用脚本线索
娄底市政务数据资源开放,湖南省娄底市,http://183.215.22.238:51182/dataopen/,https://183.215.22.238:51182/,3,3,本轮未接入,ConnectError
株洲市人民政府,-政府数据湖南省株洲市,http://www.zhuzhou.gov.cn/c15208/index.html,https://www.zhuzhou.gov.cn/zzcms/DFS/template/1580/js/\'/c15601/index.html\',1,3,本轮未接入,公开页面没有可继续的目录或应用脚本线索
湘潭市人民政府网站,-政府湖南省湘潭市,http://www.xiangtan.gov.cn/1029/index.htm,https://www.xiangtan.gov.cn/,1,1,本轮未接入,公开页面没有可继续的目录或应用脚本线索
衡阳市人民政府网站,-数据湖南省衡阳市,https://www.hengyang.gov.cn/sjfb/tjkx/index.html,https://www.hengyang.gov.cn/sjfb/tjkx/index.html,1,3,本轮未接入,HTTP错误，未取得业务数据
岳阳市人民政府门户网站,-湖南省岳阳市,http://www.yueyang.gov.cn/yytj/default.htm,https://www.yueyang.gov.cn/yytj/default.htm,2,1,本轮未接入,公开页面没有可继续的目录或应用脚本线索
张家界市政府门户网站,-数湖南省张家界市,http://www.zjj.gov.cn/c10279/index.html,https://www.zjj.gov.cn/,1,1,本轮未接入,公开页面没有可继续的目录或应用脚本线索
“开放广东”政府数据统一,广东省,https://gddata.gd.gov.cn/,https://gddata.gd.gov.cn/,1,0,保留既有实现，能力限制见地区目录,不以本轮入口检查代替业务采集验收
广州市政府数据统一开放,广东省广州市,https://data.gz.gov.cn,https://data.gz.gov.cn,3,3,本轮未接入,ConnectError
深圳市政府数据开放平台,广东省深圳市,https://opendata.sz.gov.cn,https://opendata.sz.gov.cn/data/catalog/toDataCatalog,2,0,保留既有实现，能力限制见地区目录,不以本轮入口检查代替业务采集验收
珠海市民生数据开放平台,广东省珠海市,http://data.zhuhai.gov.cn/#/,https://data.zhuhai.gov.cn/,3,3,本轮未接入,ConnectError
开放江门,广东省江门市,http://data.jiangmen.gov.cn/odweb/index.htm,https://data.jiangmen.gov.cn/,3,3,本轮未接入,ConnectError
开放惠州,广东省惠州市,http://data.huizhou.gov.cn,https://data.huizhou.gov.cn/,3,3,本轮未接入,ConnectError
梅州市政府数据开放平台,广东省梅州市,http://data.meizhou.gov.cn,https://data.meizhou.gov.cn/,3,3,本轮未接入,ConnectError
数据东莞,广东省东莞市,http://dataopen.dg.gov.cn/dataopen/,https://dataopen.dg.gov.cn/,3,3,本轮未接入,ConnectError
开放中山,广东省中山市,https://zsdata.zs.gov.cn/web/index,https://zsdata.zs.gov.cn/web/dataList?orgId=0&domainId=&resourceType=DATA,2,1,本轮未接入,公开页面没有可继续的目录或应用脚本线索
佛山市数据开放平台,广东省佛山市,http://ww.foshan-data.cn52,https://ww.foshan-data.cn52/,3,3,本轮未接入,ConnectError
茂名市人民政府网站,-数据广东省茂名市,http://www.maoming.gov.cn/zwgk/sjfb/index.html,https://www.maoming.gov.cn/,1,3,本轮未接入,ConnectError
广西壮族自治区公共数据,广西壮族自治区,https://gxsjkf.dsjfzj.gxzf.gov.cn:8183/opendata/home,https://gxsjkf.dsjfzj.gxzf.gov.cn:8183/opendata/home,3,3,本轮未接入,ConnectError
广西南宁市人民政府门户,广西壮族自治区南,http://www.nanning.gov.cn/sjfw/sjkf/,https://www.nanning.gov.cn/sjfw/sjkf/,2,3,本轮未接入,HTTP错误，未取得业务数据
广西桂林市人民政府门户,广西壮族自治区桂,https://www.guilin.gov.cn/glsj/sjkf/,https://www.guilin.gov.cn/glsj/sjkf/,1,3,本轮未接入,HTTP错误，未取得业务数据
广西防城港市人民政府门,广西壮族自治区防,http://www.fcgs.gov.cn/sjpt/,https://www.fcgs.gov.cn/jsq/main.js,1,2,本轮未接入,公开页面没有可继续的目录或应用脚本线索
广西崇左市人民政府门户,广西壮族自治区崇,http://www.chongzuo.gov.cn/sjfb/,https://gxsjkf.dsjfzj.gxzf.gov.cn:8183/opendata/home,2,3,本轮未接入,ConnectError
海南省政府数据统一开放,海南省,https://data.hainan.gov.cn/,https://data.hainan.gov.cn/sjj/index.htm,2,1,本轮未接入,公开页面没有可继续的目录或应用脚本线索
三亚市政府数据统一开放,海南省三亚市,http://dataopen1.sanya.gov.cn/,https://dataopen1.sanya.gov.cn/,3,3,本轮未接入,RemoteProtocolError
海口市人民政府数据开放,海南省海口市,http://www.haikou.gov.cn/sj/,https://data.hainan.gov.cn/sjj/index.htm,1,3,本轮未接入,公开页面没有可继续的目录或应用脚本线索
儋州市人民政府数据开放,海南省儋州市,https://www.danzhou.gov.cn/danzhou/sj/,https://www.danzhou.gov.cn/danzhou/sj/,1,1,本轮未接入,公开页面没有可继续的目录或应用脚本线索
数据开放-遂宁市人民政府,四川省遂宁市,http://www.suining.gov.cn/sjkf,https://www.suining.gov.cn/sjkf,2,3,本轮未接入,HTTP错误，未取得业务数据
四川公共数据开放网,四川省,https://www.scdata.net.cn/,https://www.scdata.net.cn/oportal/catalog_his/index,2,3,本轮未接入,已取页面，尚未得到可验证业务记录
成都市公共数据开放平台,四川省成都市,http://www.cddata.gov.cn/,https://www.cddata.gov.cn/,3,3,本轮未接入,ConnectError
内江市公共数据开放平台,四川省内江市,http://data.neijiang.gov.cn/#/,https://data.neijiang.gov.cn/,3,3,本轮未接入,ConnectError
乐山市人民政府数据开放,四川省乐山市,http://data.leshan.gov.cn/#/home,https://data.leshan.gov.cn/,3,3,本轮未接入,ConnectError
宜宾市政务数据资源开放,四川省宜宾市,http://data.yibin.gov.cn/odweb/index.htm,https://data.yibin.gov.cn/,3,3,本轮未接入,ConnectError
雅安市人民政府数据开放,四川省雅安市,http://www.yaan.gov.cn/shuju.html,https://www.yaan.gov.cn/shuju.html,2,3,本轮未接入,HTTP错误，未取得业务数据
甘孜藏族自治州政务信息,四川省甘孜藏族自,http://data.gzz.gov.cn/index/index.html,https://data.gzz.gov.cn/,3,3,本轮未接入,ConnectError
凉山州数据开放网站,四川省凉山州,http://data.lsz.gov.cn/index/index.html,https://data.lsz.gov.cn/,3,3,本轮未接入,ConnectError
绵阳市人民政府,四川省绵阳市,http://www.my.gov.cn/sjkf/index.html,https://www.my.gov.cn/sjkf/index.html,2,3,本轮未接入,HTTP错误，未取得业务数据
广元公共数据开放网,四川省广元市,http://data.cngy.gov.cn/open/index.html,https://data.cngy.gov.cn,2,1,本轮未接入,公开页面没有可继续的目录或应用脚本线索
资阳市人民政府政务信息,四川省资阳市,http://data.ziyang.gov.cn/index/index.html,https://data.ziyang.gov.cn/,1,3,本轮未接入,ConnectError
六盘水市政府数据开放平,贵州省六盘水市,http://data.gzlps.gov.cn/,https://data.gzlps.gov.cn/,3,3,本轮未接入,ConnectError
毕节市政府数据开放平台,贵州省毕节市,http://58.16.66.111:81/,https://58.16.66.111:81/,3,3,本轮未接入,ConnectError
铜仁市政府数据开放平台,贵州省铜仁市,http://gztrdata.gov.cn/index.html,https://gztrdata.gov.cn/,3,3,本轮未接入,ConnectError
黔西南州政府数据开放平,贵州省黔西南州,http://202.98.201.56:81/,https://202.98.201.56:81/,3,3,本轮未接入,ConnectError
贵州省政府数据开放平台,贵州省,https://data.guizhou.gov.cn/,https://data.guizhou.gov.cn/js/app.3a0f9f32.js,1,2,本轮未接入,公开页面没有可继续的目录或应用脚本线索
贵阳市政府数据开放平台,贵州省贵阳市,https://data.guiyang.gov.cn/city/index.htm,https://data.guiyang.gov.cn/city/index.htm,3,3,本轮未接入,ConnectError
遵义市政府数据开放平台,贵州省遵义市,http://www.zyopendata.gov.cn/,https://www.zyopendata.gov.cn/,3,3,本轮未接入,ConnectError
拉萨市人民政府,-数据开放西藏自治区拉萨市,http://www.lasa.gov.cn/lasa/sjkf/sj.shtml,https://www.lasa.gov.cn/lasa/sjkf/sj.shtml,2,3,本轮未接入,HTTP错误，未取得业务数据
林芝市人民政府数据开放,西藏自治区林芝市,http://langxian.gov.cn/linzhi/zwgk/sjkf.shtml,https://langxian.gov.cn/linzhi/zwgk/sjkf.shtml,2,3,本轮未接入,HTTP错误，未取得业务数据
那曲市人民政府,-信息公开西藏自治区那曲市,http://www.naqu.gov.cn/xxgk/zfxxgkml/?id=23,https://www.naqu.gov.cn/,1,3,本轮未接入,ConnectError
陕西省公共数据开放平台,陕西省,http://www.sndata.gov.cn/,https://www.sndata.gov.cn/,3,3,本轮未接入,ConnectError
安康市人民政府,-数据发布陕西省宝鸡市安康,http://www.ankang.gov.cn/Node-9314.html,https://www.ankang.gov.cn/gov/publicinfo/category-43.html,2,3,本轮未接入,公开页面没有可继续的目录或应用脚本线索
陇南市公共数据开放网,甘肃省陇南市,http://www.lnsbigdata.cn/,https://www.lnsbigdata.cn/,3,3,本轮未接入,ConnectError
甘肃省人民政府,-信息公开甘肃省,http://www.gansu.gov.cn/col/col4420/,https://www.gansu.gov.cn/,1,3,本轮未接入,HTTP错误，未取得业务数据
天水市人民政府-数据发布,甘肃省天水市,http://www.tianshui.gov.cn/col/col8/index.html,https://www.tianshui.gov.cn/system/resource/vue/static/element/index.js,1,2,本轮未接入,公开页面没有可继续的目录或应用脚本线索
武威市人民政府,-数据武威甘肃省武威市,http://www.gswuwei.gov.cn/col/col5/index.html,https://www.gswuwei.gov.cn/col/col5/index.html,2,1,本轮未接入,公开页面没有可继续的目录或应用脚本线索
张掖市人民政府,-数据发布甘肃省张掖市,http://www.zhangye.gov.cn/sjfb/,https://www.zhangye.gov.cn/sjfb/xbtjnj/,2,2,本轮未接入,公开页面没有可继续的目录或应用脚本线索
青海省人民政府政务公开,青海省,http://data.qinghai.gov.cn/p/#/index,https://data.qinghai.gov.cn/,1,3,本轮未接入,ConnectError
开放宁夏,宁夏回族自治区,http://opendata.nx.gov.cn/portal/index,https://opendata.nx.gov.cn/,3,3,本轮未接入,ConnectError
石嘴山政府数据开放平台,宁夏回族自治区石,http://szssjkf.nxszs.gov.cn/,https://szssjkf.nxszs.gov.cn/,3,3,本轮未接入,ConnectError
中卫市人民政府,-数据开放宁夏回族自治区中,http://www.nxzw.gov.cn/ztzl/sjkf/,https://www.nxzw.gov.cn/ztzl/sjkf/,2,1,本轮未接入,公开页面没有可继续的目录或应用脚本线索
银川市城市数据开放平台,宁夏回族自治区银,http://data.yinchuan.gov.cn/,https://data.yinchuan.gov.cn/dexchange/openportal/static/js/app.ab0ff11b.js,3,2,本轮未接入,公开页面没有可继续的目录或应用脚本线索
乌鲁木齐市政务数据开放,新疆维吾尔自治区,http://zwfw.wlmq.gov.cn/,https://zwfw.wlmq.gov.cn/,2,3,本轮未接入,HTTP错误，未取得业务数据
昌吉回族自治州,-数据开放新疆维吾尔自治区,http://222.80.229.62:8900/drv/,https://222.80.229.62:8900/,3,3,本轮未接入,ConnectError
克拉玛依市人民政府,-数据新疆维吾尔自治区,https://www.klmy.gov.cn/011/011002/secondpage.html,https://www.klmy.gov.cn/011/011002/secondpage.html,1,3,本轮未接入,HTTP错误，未取得业务数据
阿克苏政府网,-数据开放新疆维吾尔自治区,http://www.aks.gov.cn/sjkf/index.html,https://www.aks.gov.cn/sjkf/index.html,3,0,新增图表API采集,aksu/gdp:2025；正式采集器已取得四季度实际数值
数据阿勒泰,新疆维吾尔自治区,http://www.xjalt.gov.cn/sjalt/dataalt.html,https://xjalt.gov.cn/sjalt/dataalt.html,2,1,本轮未接入,公开页面没有可继续的目录或应用脚本线索
安徽公共数据候选,安徽,https://www.ahzwfw.gov.cn/?index=nav,https://www.ahzwfw.gov.cn/?index=nav,1,1,本轮未接入,公开页面没有可继续的目录或应用脚本线索
云南公共数据候选,云南,https://data.yn.gov.cn/,https://data.yn.gov.cn/,1,1,本轮未接入,公开页面没有可继续的目录或应用脚本线索
西藏自治区数据开放平台,西藏,https://www.xzzwfw.gov.cn/dataOpen/datalist.shtml,https://www.xzzwfw.gov.cn:443/dataOpen/datalist.shtml?resourceType=0#,2,3,本轮未接入,公开页面没有可继续的目录或应用脚本线索
黑龙江政务服务开放入口,黑龙江,https://www.zwfw.hlj.gov.cn/index.html,https://data.zwfw.hlj.gov.cn:8881/oportal/index,3,3,本轮放弃自动接入,浏览器PDF成功，末轮匿名后端未取得有效PDF；不继续失败重试
重庆公共数据开放平台,重庆,https://data.cq.gov.cn/opendata/home,https://data.dsjj.cq.gov.cn/,3,3,本轮未接入,ConnectError
